{"1001":{"category":4.0,"name":"AA 316L","Applications":"Boilers, shipbuilding, machinery, offshore application, foundries, chemical industry, orbital tube welding etc.","As":null,"C":0.03,"Cr":18.5,"Cu":0.0,"Diffusible Hydrogen":null,"Mn":1.4,"Mn + Ni + Cr + Mo + V":null,"Mo":2.55,"N":0.0,"Nb":0.0,"Ni":12.5,"Ni+Mn":null,"P":0.0,"P S":null,"S":0.0,"S Ni":null,"SN":null,"Si":0.7,"Si P":null,"Sn":0.0,"Suitable_For":"\n\n\n1.4583\u00a01.44351.44361.44041.44061.44081.44011.45711.45801.4406\n\nX102CrNiMoNb 18 12X2CrNiMo 18 14 3 (TP)X4CrNiMo 17 13 3X2CrNiMo 17 12 2 (TP)-X 5 CrNiMo 19 11 2X4CrNiMo 17 12 2 (TP)X6CrNiMo 17 12 2X6CrNiMoNb 17 12 3X2CrNiMoN 17 12 3 (TP)\n316Cb316L-316L316LN316H316316 Ti316Cb316LN\nUNS S31640..UNS S31603UNS S31653.UNS S31600UNS S31635.\u00a0\n\n\n\u00a0","V":0.0,"conformances":null,"ind":null,"url":"http:\/\/www.ceweld.nl\/en\/product\/aa-316l"}}