{"1008":{"category":4.0,"name":"AA 347H","Applications":"For welding stainless austenitic steels that are exposed to working temperatures up to + 400\u00b0C.","As":null,"C":0.03,"Cr":18.7,"Cu":0.0,"Diffusible Hydrogen":null,"Mn":1.3,"Mn + Ni + Cr + Mo + V":null,"Mo":0.0,"N":0.0,"Nb":0.6,"Ni":10.4,"Ni+Mn":null,"P":0.0,"P S":null,"S":0.0,"S Ni":null,"SN":null,"Si":0.6,"Si P":null,"Sn":0.0,"Suitable_For":"\n\n1.45411.45501.45521.43191.43061.4306\nX 6 CrNiTi 18 10X 6 CrNiNb 18 10G-X 5 CrNiNb 18 9X 5 CrNi 18 7X 2 CrNi 19 11G-X 2 CrNi 18 9\n1.43011.43031.43081.4310\u00a0\u00a01.4312-\nX 5 CrNi 18 10X 5 CrNi 18 12G-X 6 CrNi 18 9X 12 CrNi 17 7G-X 10 CrNi 18 8-\n\n\n-Stainless steels for general use : NF A 35-573, 35-574, 35-575, 35-576 : Z6 CNT 18.10, Z6 CN Nb 18.10, Z2 CN 18.10, Z6 CN 18.09.\u00a0:NS 21 C","V":0.0,"conformances":null,"ind":null,"url":"http:\/\/www.ceweld.nl\/en\/product\/aa-347h"}}