{"1328":{"category":2.0,"name":"318 Si","Applications":"Developed for welding stabilized CrNi(N) and CrNiMo(N) types.","As":null,"C":0.05,"Cr":19.0,"Cu":0.0,"Diffusible Hydrogen":null,"Mn":1.5,"Mn + Ni + Cr + Mo + V":null,"Mo":2.8,"N":0.0,"Nb":62.85,"Ni":13.0,"Ni+Mn":null,"P":0.0,"P S":null,"S":0.0,"S Ni":null,"SN":null,"Si":0.8,"Si P":null,"Sn":0.0,"Suitable_For":"\n\n1.45831.44041.44011.45711.45801.45811.44371.4406\nX102CrNiMoNb 18 12X2CrNiMo 17 12 2X4CrNiMo 17 12 2X6CrNiMo 17 12 2X6CrNiMoNb 17 12 3G-X5CrNiMoNb 19 11 2G-X6CrNiMo 18 12X2CrNiMoN 17 12 3\n316Cb(TP) 316L(TP) 316316 Ti316Cb--(TP)316LN\u00a0\u00a0\u00a0\u00a0\u00a0\u00a0\u00a0\u00a0\u00a0\u00a0\u00a0\u00a0\u00a0\u00a0\u00a0\u00a0\u00a0\u00a0\u00a0\u00a0\u00a0\u00a0\u00a0\u00a0\u00a0\u00a0\u00a0\u00a0\u00a0\u00a0\u00a0\u00a0\u00a0\u00a0\u00a0\u00a0 \u00a0\u00a0\u00a0\n\n","V":0.0,"conformances":null,"ind":null,"url":"http:\/\/www.ceweld.nl\/en\/product\/318-si"}}