{"1482":{"category":9.0,"name":"SACW 4820 (1.4820)","Applications":"* Cap layers for joining refractory Cr-Al-Si steels. \n* Cladding corrosion resistant overlays.\n* Cladding heat resistant overlays up to 1150\u00baC.\n* Cladding components in a sulphurous environment.","As":null,"C":0.07,"Cr":25.0,"Cu":0.0,"Diffusible Hydrogen":null,"Mn":0.7,"Mn + Ni + Cr + Mo + V":null,"Mo":0.0,"N":0.0,"Nb":0.0,"Ni":4.0,"Ni+Mn":null,"P":0.025,"P S":null,"S":0.025,"S Ni":null,"SN":null,"Si":0.4,"Si P":null,"Sn":0.0,"Suitable_For":"\n\nW.Nr:1.47101.47451.47121.47621.47131.47731.47221.4776\n\nEN ASTM\/ACIG-X30CrSi6G-X40CrSi23 TP433X10CrSi6 502X10CrAl24 TP443X10CrAl7 502X8Cr30X10CrSi13G-X40CrSi29\n\nW.Nr:1.47241.48201.47291.48211.47401.48221.47421.4823\n\nEN ASTM\/ACIX10CrAl13 TP405-CA15G-X12 CrSi 26 5G-X40CrSi13X20 CrNiSi 25 4 TP329G-X40CrSi17G-X40CrNi 25 4 TP329X10CrAl18 430B-TP430G-X40CrNiSi 27 4 TP329HC\n\n\n\n\u00a0","V":0.0,"conformances":null,"ind":null,"url":"http:\/\/www.ceweld.nl\/en\/product\/sacw-4820-14820"}}